[
  {
    "id": 1,
    "priority": 1,
    "action": { "type": "block" },
    "condition": {
      "urlFilter": "||doubleclick.net^",
      "resourceTypes": ["script", "image", "xmlhttprequest", "sub_frame"]
    }
  },
  {
    "id": 2,
    "priority": 1,
    "action": { "type": "block" },
    "condition": {
      "urlFilter": "||pagead2.googlesyndication.com^",
      "resourceTypes": ["script", "image", "xmlhttprequest", "sub_frame"]
    }
  },
  {
    "id": 3,
    "priority": 1,
    "action": { "type": "block" },
    "condition": {
      "urlFilter": "||googleads.g.doubleclick.net^",
      "resourceTypes": ["script", "image", "xmlhttprequest", "sub_frame"]
    }
  },
  {
    "id": 4,
    "priority": 1,
    "action": { "type": "block" },
    "condition": {
      "urlFilter": "||amazon-adsystem.com^",
      "resourceTypes": ["script", "image", "xmlhttprequest", "sub_frame"]
    }
  },
  {
    "id": 5,
    "priority": 1,
    "action": { "type": "block" },
    "condition": {
      "urlFilter": "||googleadservices.com^",
      "resourceTypes": ["script", "image", "xmlhttprequest", "sub_frame"]
    }
  },
  {
    "id": 6,
    "priority": 1,
    "action": { "type": "block" },
    "condition": {
      "urlFilter": "||taboola.com^",
      "resourceTypes": ["script", "image", "xmlhttprequest", "sub_frame"]
    }
  },
  {
    "id": 7,
    "priority": 1,
    "action": { "type": "block" },
    "condition": {
      "urlFilter": "||outbrain.com^",
      "resourceTypes": ["script", "image", "xmlhttprequest", "sub_frame"]
    }
  },
  {
    "id": 8,
    "priority": 1,
    "action": { "type": "block" },
    "condition": {
      "urlFilter": "||facebook.com/tr^",
      "resourceTypes": ["script", "image", "xmlhttprequest", "sub_frame"]
    }
  },
  {
    "id": 9,
    "priority": 1,
    "action": { "type": "block" },
    "condition": {
      "urlFilter": "||google-analytics.com^",
      "resourceTypes": ["script", "image", "xmlhttprequest", "sub_frame"]
    }
  },
  {
    "id": 10,
    "priority": 1,
    "action": { "type": "block" },
    "condition": {
      "urlFilter": "||analytics.google.com^",
      "resourceTypes": ["script", "image", "xmlhttprequest", "sub_frame"]
    }
  },
  {
    "id": 11,
    "priority": 1,
    "action": { "type": "block" },
    "condition": {
      "urlFilter": "||segment.com^",
      "resourceTypes": ["script", "xmlhttprequest"]
    }
  },
  {
    "id": 12,
    "priority": 1,
    "action": { "type": "block" },
    "condition": {
      "urlFilter": "||mixpanel.com^",
      "resourceTypes": ["script", "xmlhttprequest"]
    }
  },
  {
    "id": 13,
    "priority": 1,
    "action": { "type": "block" },
    "condition": {
      "urlFilter": "/ads.js",
      "resourceTypes": ["script"]
    }
  },
  {
    "id": 14,
    "priority": 1,
    "action": { "type": "block" },
    "condition": {
      "urlFilter": "/ad.js",
      "resourceTypes": ["script"]
    }
  },
  {
    "id": 15,
    "priority": 1,
    "action": { "type": "block" },
    "condition": {
      "urlFilter": "/banner.js",
      "resourceTypes": ["script"]
    }
  },
  {
    "id": 16,
    "priority": 1,
    "action": { "type": "block" },
    "condition": {
      "urlFilter": "||advertising.com^",
      "resourceTypes": ["script", "image", "xmlhttprequest", "sub_frame"]
    }
  },
  {
    "id": 17,
    "priority": 1,
    "action": { "type": "block" },
    "condition": {
      "urlFilter": "||adnxs.com^",
      "resourceTypes": ["script", "image", "xmlhttprequest", "sub_frame"]
    }
  },
  {
    "id": 18,
    "priority": 1,
    "action": { "type": "block" },
    "condition": {
      "urlFilter": "||criteo.com^",
      "resourceTypes": ["script", "image", "xmlhttprequest", "sub_frame"]
    }
  },
  {
    "id": 19,
    "priority": 1,
    "action": { "type": "block" },
    "condition": {
      "urlFilter": "||pubmatic.com^",
      "resourceTypes": ["script", "image", "xmlhttprequest", "sub_frame"]
    }
  },
  {
    "id": 20,
    "priority": 1,
    "action": { "type": "block" },
    "condition": {
      "urlFilter": "||openx.net^",
      "resourceTypes": ["script", "image", "xmlhttprequest", "sub_frame"]
    }
  },
  {
    "id": 21,
    "priority": 2,
    "action": { "type": "block" },
    "condition": {
      "urlFilter": "||coinhive.com^",
      "resourceTypes": ["script", "xmlhttprequest", "websocket"]
    }
  },
  {
    "id": 22,
    "priority": 2,
    "action": { "type": "block" },
    "condition": {
      "urlFilter": "||crypto-loot.com^",
      "resourceTypes": ["script", "xmlhttprequest", "websocket"]
    }
  },
  {
    "id": 23,
    "priority": 2,
    "action": { "type": "block" },
    "condition": {
      "urlFilter": "||jsecoin.com^",
      "resourceTypes": ["script", "xmlhttprequest", "websocket"]
    }
  },
  {
    "id": 24,
    "priority": 2,
    "action": { "type": "block" },
    "condition": {
      "urlFilter": "||coin-hive.com^",
      "resourceTypes": ["script", "xmlhttprequest", "websocket"]
    }
  },
  {
    "id": 25,
    "priority": 2,
    "action": { "type": "block" },
    "condition": {
      "urlFilter": "||webminepool.com^",
      "resourceTypes": ["script", "xmlhttprequest", "websocket"]
    }
  },
  {
    "id": 26,
    "priority": 2,
    "action": { "type": "block" },
    "condition": {
      "urlFilter": "||monerominer.rocks^",
      "resourceTypes": ["script", "xmlhttprequest", "websocket"]
    }
  },
  {
    "id": 27,
    "priority": 2,
    "action": { "type": "block" },
    "condition": {
      "urlFilter": "||cryptaloot.pro^",
      "resourceTypes": ["script", "xmlhttprequest", "websocket"]
    }
  },
  {
    "id": 28,
    "priority": 2,
    "action": { "type": "block" },
    "condition": {
      "urlFilter": "||deepminer.net^",
      "resourceTypes": ["script", "xmlhttprequest", "websocket"]
    }
  },
  {
    "id": 29,
    "priority": 2,
    "action": { "type": "block" },
    "condition": {
      "urlFilter": "||authedmine.com^",
      "resourceTypes": ["script", "xmlhttprequest", "websocket"]
    }
  },
  {
    "id": 30,
    "priority": 2,
    "action": { "type": "block" },
    "condition": {
      "urlFilter": "||minemytraffic.com^",
      "resourceTypes": ["script", "xmlhttprequest", "websocket"]
    }
  },
  {
    "id": 31,
    "priority": 1,
    "action": { "type": "block" },
    "condition": {
      "urlFilter": "||quantserve.com^",
      "resourceTypes": ["script", "image", "xmlhttprequest"]
    }
  },
  {
    "id": 32,
    "priority": 1,
    "action": { "type": "block" },
    "condition": {
      "urlFilter": "||scorecardresearch.com^",
      "resourceTypes": ["script", "image", "xmlhttprequest"]
    }
  },
  {
    "id": 33,
    "priority": 1,
    "action": { "type": "block" },
    "condition": {
      "urlFilter": "||adition.com^",
      "resourceTypes": ["script", "image", "xmlhttprequest", "sub_frame"]
    }
  },
  {
    "id": 34,
    "priority": 1,
    "action": { "type": "block" },
    "condition": {
      "urlFilter": "||admob.com^",
      "resourceTypes": ["script", "image", "xmlhttprequest", "sub_frame"]
    }
  },
  {
    "id": 35,
    "priority": 1,
    "action": { "type": "block" },
    "condition": {
      "urlFilter": "||moatads.com^",
      "resourceTypes": ["script", "image", "xmlhttprequest"]
    }
  },
  {
    "id": 36,
    "priority": 1,
    "action": { "type": "block" },
    "condition": {
      "urlFilter": "||rubiconproject.com^",
      "resourceTypes": ["script", "image", "xmlhttprequest", "sub_frame"]
    }
  },
  {
    "id": 37,
    "priority": 1,
    "action": { "type": "block" },
    "condition": {
      "urlFilter": "||adsrvr.org^",
      "resourceTypes": ["script", "image", "xmlhttprequest", "sub_frame"]
    }
  },
  {
    "id": 38,
    "priority": 1,
    "action": { "type": "block" },
    "condition": {
      "urlFilter": "||advertising.apple.com^",
      "resourceTypes": ["script", "image", "xmlhttprequest", "sub_frame"]
    }
  },
  {
    "id": 39,
    "priority": 1,
    "action": { "type": "block" },
    "condition": {
      "urlFilter": "||ad.doubleclick.net^",
      "resourceTypes": ["script", "image", "xmlhttprequest", "sub_frame"]
    }
  },
  {
    "id": 40,
    "priority": 1,
    "action": { "type": "block" },
    "condition": {
      "urlFilter": "||advertising.microsoft.com^",
      "resourceTypes": ["script", "image", "xmlhttprequest", "sub_frame"]
    }
  },
  {
    "id": 41,
    "priority": 1,
    "action": { "type": "block" },
    "condition": {
      "urlFilter": "||ads.twitter.com^",
      "resourceTypes": ["script", "image", "xmlhttprequest", "sub_frame"]
    }
  },
  {
    "id": 42,
    "priority": 1,
    "action": { "type": "block" },
    "condition": {
      "urlFilter": "||ads.linkedin.com^",
      "resourceTypes": ["script", "image", "xmlhttprequest", "sub_frame"]
    }
  },
  {
    "id": 43,
    "priority": 1,
    "action": { "type": "block" },
    "condition": {
      "urlFilter": "||ads.reddit.com^",
      "resourceTypes": ["script", "image", "xmlhttprequest", "sub_frame"]
    }
  },
  {
    "id": 44,
    "priority": 1,
    "action": { "type": "block" },
    "condition": {
      "urlFilter": "||ads.pinterest.com^",
      "resourceTypes": ["script", "image", "xmlhttprequest", "sub_frame"]
    }
  },
  {
    "id": 45,
    "priority": 1,
    "action": { "type": "block" },
    "condition": {
      "urlFilter": "||ads.youtube.com^",
      "resourceTypes": ["script", "image", "xmlhttprequest", "sub_frame"]
    }
  },
  {
    "id": 46,
    "priority": 1,
    "action": { "type": "block" },
    "condition": {
      "urlFilter": "||googletagmanager.com^",
      "resourceTypes": ["script", "xmlhttprequest"]
    }
  },
  {
    "id": 47,
    "priority": 1,
    "action": { "type": "block" },
    "condition": {
      "urlFilter": "||googletagservices.com^",
      "resourceTypes": ["script", "xmlhttprequest"]
    }
  },
  {
    "id": 48,
    "priority": 1,
    "action": { "type": "block" },
    "condition": {
      "urlFilter": "||hotjar.com^",
      "resourceTypes": ["script", "xmlhttprequest"]
    }
  },
  {
    "id": 49,
    "priority": 1,
    "action": { "type": "block" },
    "condition": {
      "urlFilter": "||crazyegg.com^",
      "resourceTypes": ["script", "xmlhttprequest"]
    }
  },
  {
    "id": 50,
    "priority": 1,
    "action": { "type": "block" },
    "condition": {
      "urlFilter": "||mouseflow.com^",
      "resourceTypes": ["script", "xmlhttprequest"]
    }
  },
  {
    "id": 51,
    "priority": 1,
    "action": { "type": "block" },
    "condition": {
      "urlFilter": "||zedo.com^",
      "resourceTypes": ["script", "image", "xmlhttprequest", "sub_frame"]
    }
  },
  {
    "id": 52,
    "priority": 1,
    "action": { "type": "block" },
    "condition": {
      "urlFilter": "||media.net^",
      "resourceTypes": ["script", "image", "xmlhttprequest", "sub_frame"]
    }
  },
  {
    "id": 53,
    "priority": 1,
    "action": { "type": "block" },
    "condition": {
      "urlFilter": "||revcontent.com^",
      "resourceTypes": ["script", "image", "xmlhttprequest", "sub_frame"]
    }
  },
  {
    "id": 54,
    "priority": 1,
    "action": { "type": "block" },
    "condition": {
      "urlFilter": "||mgid.com^",
      "resourceTypes": ["script", "image", "xmlhttprequest", "sub_frame"]
    }
  },
  {
    "id": 55,
    "priority": 1,
    "action": { "type": "block" },
    "condition": {
      "urlFilter": "||adform.net^",
      "resourceTypes": ["script", "image", "xmlhttprequest", "sub_frame"]
    }
  },
  {
    "id": 56,
    "priority": 1,
    "action": { "type": "block" },
    "condition": {
      "urlFilter": "||adcolony.com^",
      "resourceTypes": ["script", "image", "xmlhttprequest", "sub_frame"]
    }
  },
  {
    "id": 57,
    "priority": 1,
    "action": { "type": "block" },
    "condition": {
      "urlFilter": "||unity3d.com/.*ads",
      "resourceTypes": ["script", "image", "xmlhttprequest", "sub_frame"]
    }
  },
  {
    "id": 58,
    "priority": 1,
    "action": { "type": "block" },
    "condition": {
      "urlFilter": "||applovin.com^",
      "resourceTypes": ["script", "image", "xmlhttprequest", "sub_frame"]
    }
  },
  {
    "id": 59,
    "priority": 1,
    "action": { "type": "block" },
    "condition": {
      "urlFilter": "||inmobi.com^",
      "resourceTypes": ["script", "image", "xmlhttprequest", "sub_frame"]
    }
  },
  {
    "id": 60,
    "priority": 1,
    "action": { "type": "block" },
    "condition": {
      "urlFilter": "||chartbeat.com^",
      "resourceTypes": ["script", "xmlhttprequest"]
    }
  }
]
