{
  "manifest_version": 3,
  "name": "AdBlock Pro",
  "version": "1.1.0",
  "description": "Bloqueador de anuncios ligero y eficiente para Brave",
  "permissions": ["storage", "tabs", "activeTab", "declarativeNetRequest", "scripting"],
  "host_permissions": ["<all_urls>"],
  "background": {
    "service_worker": "background.js"
  },
  "action": {
    "default_popup": "popup.html",
    "default_title": "AdBlock Pro",
    "default_icon": {
      "16": "icon16.png",
      "48": "icon48.png",
      "128": "icon128.png"
    }
  },
  "icons": {
    "16": "icon16.png",
    "48": "icon48.png",
    "128": "icon128.png"
  },
  "content_scripts": [
    {
      "matches": ["<all_urls>"],
      "js": ["content-script.js"],
      "run_at": "document_start",
      "all_frames": true
    }
  ],
  "web_accessible_resources": [
    {
      "resources": ["injected-script.js"],
      "matches": ["<all_urls>"]
    }
  ],
  "declarative_net_request": {
    "rule_resources": [
      {
        "id": "ruleset_main",
        "enabled": true,
        "path": "rules.json"
      }
    ]
  }
}
