[
  {
    "id": 1,
    "priority": 1,
    "action": { "type": "block" },
    "condition": {
      "urlFilter": "||doubleclick.net^",
      "resourceTypes": ["script", "image", "xmlhttprequest", "sub_frame"]
    }
  },
  {
    "id": 2,
    "priority": 1,
    "action": { "type": "block" },
    "condition": {
      "urlFilter": "||pagead2.googlesyndication.com^",
      "resourceTypes": ["script", "image", "xmlhttprequest", "sub_frame"]
    }
  },
  {
    "id": 3,
    "priority": 1,
    "action": { "type": "block" },
    "condition": {
      "urlFilter": "||googleads.g.doubleclick.net^",
      "resourceTypes": ["script", "image", "xmlhttprequest", "sub_frame"]
    }
  },
  {
    "id": 4,
    "priority": 1,
    "action": { "type": "block" },
    "condition": {
      "urlFilter": "||amazon-adsystem.com^",
      "resourceTypes": ["script", "image", "xmlhttprequest", "sub_frame"]
    }
  },
  {
    "id": 5,
    "priority": 1,
    "action": { "type": "block" },
    "condition": {
      "urlFilter": "||googleadservices.com^",
      "resourceTypes": ["script", "image", "xmlhttprequest", "sub_frame"]
    }
  },
  {
    "id": 6,
    "priority": 1,
    "action": { "type": "block" },
    "condition": {
      "urlFilter": "||taboola.com^",
      "resourceTypes": ["script", "image", "xmlhttprequest", "sub_frame"]
    }
  },
  {
    "id": 7,
    "priority": 1,
    "action": { "type": "block" },
    "condition": {
      "urlFilter": "||outbrain.com^",
      "resourceTypes": ["script", "image", "xmlhttprequest", "sub_frame"]
    }
  },
  {
    "id": 8,
    "priority": 1,
    "action": { "type": "block" },
    "condition": {
      "urlFilter": "||facebook.com/tr^",
      "resourceTypes": ["script", "image", "xmlhttprequest", "sub_frame"]
    }
  },
  {
    "id": 9,
    "priority": 1,
    "action": { "type": "block" },
    "condition": {
      "urlFilter": "||google-analytics.com^",
      "resourceTypes": ["script", "image", "xmlhttprequest", "sub_frame"]
    }
  },
  {
    "id": 10,
    "priority": 1,
    "action": { "type": "block" },
    "condition": {
      "urlFilter": "||analytics.google.com^",
      "resourceTypes": ["script", "image", "xmlhttprequest", "sub_frame"]
    }
  },
  {
    "id": 11,
    "priority": 1,
    "action": { "type": "block" },
    "condition": {
      "urlFilter": "||segment.com^",
      "resourceTypes": ["script", "xmlhttprequest"]
    }
  },
  {
    "id": 12,
    "priority": 1,
    "action": { "type": "block" },
    "condition": {
      "urlFilter": "||mixpanel.com^",
      "resourceTypes": ["script", "xmlhttprequest"]
    }
  },
  {
    "id": 13,
    "priority": 1,
    "action": { "type": "block" },
    "condition": {
      "urlFilter": "/ads.js",
      "resourceTypes": ["script"]
    }
  },
  {
    "id": 14,
    "priority": 1,
    "action": { "type": "block" },
    "condition": {
      "urlFilter": "/ad.js",
      "resourceTypes": ["script"]
    }
  },
  {
    "id": 15,
    "priority": 1,
    "action": { "type": "block" },
    "condition": {
      "urlFilter": "/banner.js",
      "resourceTypes": ["script"]
    }
  },
  {
    "id": 16,
    "priority": 1,
    "action": { "type": "block" },
    "condition": {
      "urlFilter": "||advertising.com^",
      "resourceTypes": ["script", "image", "xmlhttprequest", "sub_frame"]
    }
  },
  {
    "id": 17,
    "priority": 1,
    "action": { "type": "block" },
    "condition": {
      "urlFilter": "||adnxs.com^",
      "resourceTypes": ["script", "image", "xmlhttprequest", "sub_frame"]
    }
  }
]
